id,name,vin
1,Bernardo Prosacco,WBWSS52P9NEYLVDE9
2,Emory Rosenbaum,1B9WEX2R92R12900E
3,Daryl Nitzsche,SAL6P2M2XNHC5Y656
4,Jeromy O'Keefe DVM,L1CKRVH55W8S6S9T1
5,Verla Marquardt,TAMLE35L3MAYRV1JD
6,Mr. Hyman Wolf,L1CXMYNZ3MMGTTYWU
7,Lizeth Dickens,W09XNTZR9KTFK10WW
8,Shania Olson,KPH7TNNL14MDUFNF8
9,Simone Hackett,4RA34A5K3YPN8H5P4
10,Dr. Kenton Berge,SXMMLZX8XGDN7L7TL
11,Billy Walsh,SARJG2FD3A7T21H18
12,Ms. Llewellyn Marquardt,TAMX2B609RPZY1XHT
13,Mr. Delbert Gleason,XF9HBFH148FLD41K8
14,Antwan Prosacco,KPLUTG0L6NW1A0ZRF
15,Gayle Herzog,L1CDHZJ0567RJKCJ6
16,Shakira Stamm,SALUVSAL3WA67SBPZ
17,Federico Bins V,W092FDPH6FNNK102M
18,Ms. Kamille Wyman,SUA4ALKJ0YRFMASB2
19,Bill Denesik,L1C4AHZE55DGBKAK6
20,Abby Hettinger,1C9511EE4YR35640C
21,Adell Jacobs,RF5J464C70D9C3KTB
22,Devan O'Kon,J811TNPS4FYZF4VGU
23,Bo Stroman DVM,1F8C93JX5D62SYRYY
24,Camryn Hegmann,RF3M0UR85BEJHH27W
25,Briana Braun,SU9PYDRK6214WL15M
26,Palma Conroy PhD,KPLD0JH17AMELZAHH
27,Nicholas Larkin,1F90EY0F4DTJ041CS
28,Ms. Carmelo Swaniawski,9BENHE4130KV2P38S
29,Miss Gustave Erdman,WD3HAS8D0ZT3T9XND
30,Casper Flatley,L1CN7SPD96M6SNFYU
31,Sheila VonRueden,KPH9RLSZ9YKNVMGH2
32,Belle Rohan,RF4NN09F9JH8738HF
33,Dock Lemke,VF5JF6DT01CWDCAHJ
34,Velma O'Connell,VF63VETH08Y8CUAKW
35,May Rolfson,W09WNXAX60PBK10PH
36,Mr. Marcelina Jenkins,WD3VLLK2X04HF50PL
37,Arnulfo Anderson,WBW8W7DC0FJLMYCCR
38,Albina Dach,1C91DT907AMU5649F
39,Mrs. Skylar Strosin,WD3R6AJ15CPJZLR0T
40,Nicola Blanda IV,SARFDDM35AL1BESM5
41,Mario Olson,RFWG8S4U59C22CW1F
42,Granville Mertz,1B9TPKC24YPL290Y4
43,Mr. Kristy Funk,KPLZHRBB1E3RSF9WA
44,Rusty Turner,WBT5XKHH6BKH1V82M
45,Vanessa Hilpert,LLD9S75M72GZX3B1H
46,Junius Daniel,8C9UWXN29AYHME1WB
47,Jerald Robel,J811JTDM3UB2STDX6
48,Antonietta O'Kon,1G8ZBYM74NYHJK217
49,Stanford Hills,WD3HFVVW4N1FVPC5X
50,Maye Bauch,1B6FU8M80MVDHHTMD
51,Lane Bogan I,1F8C9NNV613L0RYSM
52,Favian Jaskolski,TAMAMDNT2WGL7H8HW
53,Evie Wisoky,1C9C39EC2XVXACA9T
54,Rogers Bartell IV,1C9EVBRM0YBC564DZ
55,Kaitlin Veum,SAR860AUXSBF8E4W9
56,Adriel Swift,RF5D1APK7B8SDK1HR
57,Fermin Jakubowski,1C9YKRAL923SACAZM
58,Miss Arnulfo Heathcote,3A9D1R1B4F5K068P9
59,Kole Stark,DLAZG3L44NFXP9FN0
60,Oma Swift DDS,TAMCBRPM7EN5GD88L
61,Mrs. Everardo Von,WBTTYCCG00Y9K1VHZ
62,Jimmie Boehm,WD251GUW8HGMJ0ZNZ
63,Zachariah Kertzmann,1F9A1D0651D0041MZ
64,Salvador Sawayn,SUA9K8KA35CZ8X2FT
65,Adriana McKenzie,1B6T67KY436CYBAXM
66,Carey Christiansen I,WBTDYBGY2MKY5XRHV
67,Kelley Prosacco MD,3R9Y9ZMH82KD097KU
68,Iliana Harris,MB4Y2SKH7NX3MRF4W
69,Ernesto Torp,RF4BPA803R4AACTR1
70,Meaghan Harvey,4RA62BCGXGK0KW7GB
71,Ms. Samantha Becker,SXMYX1NY6A1MPG827
72,Orlando Huel,MB4Z24VD69SZ2UP0U
73,Augustus Nicolas,SU9FXMPJ2A7KWL1PZ
74,Marley Satterfield IV,DLADW1MKXLHMCDX3W
75,Mohammed Barrows,4RACJHJL843CUJ46R
76,Jay Wintheiser,RF457CL16G5L41HH5
77,Mr. Shanie Gusikowski,XF9HHMKS402GD41NF
78,Casimir Vandervort,SUA6WS160SW70DUP4
79,Vivian Fahey,WD3Y8KHA4B7CC63K4
80,Victoria Windler,1F9DRSRF78XH041L4
81,Amber Boyer,1F9ZCCZ6XJAG041GX
82,Toney Shields MD,WD3TVFYZ7MB5XVTM8
83,Charley Kiehn,1B6BESZ55PXV3NB40
84,Marcellus Little,SUAZR7LR7EL07VZ11
85,Dr. Lambert Kuhlman,4RAYXBSK2HFSE1PKR
86,Garland Pouros,MB4JNWLU9G5PV1KG4
87,Jannie Lubowitz,SXM5DVE26JE83TSZV
88,Anthony Sauer DVM,1F9GFDFT6MVU04129
89,Tracy Huels,GA1G04255VG79LGCD
90,Kristy Cremin,1F9FF7C27LJA041VR
91,Miss Colt Runolfsson,1A9XL31P6FD5396CN
92,Oceane O'Kon,VF4CK0WS3JY0UVDGJ
93,Mrs. Rickey Dickens,5FS0Y47Z59YGGSXS0
94,Arlo Douglas,SUA0RTWT48E144Z4U
95,Dalton Schiller,8C946K4F3KWRME1PY
96,Miss Cali Huel,TRCDP08V4X1XYADGK
97,Haven O'Keefe,LLD38LYB3ZEN45K2M
98,Ms. Winston Emard,1F9Z5CF13VV8041ND
99,Jayden Ledner,RF4AT3WL6JJXPFUJL
100,Minnie Dach,XF9Z0ST7X18WD41HT
