id,name,phone_num
1,Nina Hintz Sr.,560.815.3059
2,Kaia Klocko,(392) 217-0777
3,Marcellus Hoeger,(222) 926-0138
4,Ervin Wiza,272-041-9587
5,Elmore Heller MD,1-297-522-2558 x431
6,Patience Keeling II,412-432-7640
7,Emmanuelle Breitenberg,(707) 341-7157 x98757
8,Dariana Bernhard IV,1-904-093-5211 x9183
9,Merl Glover III,1-602-620-2330 x3723
10,Katharina Fisher,686-561-4711 x308
11,Annalise Orn,222.752.6773 x113
12,Jean Donnelly,120-307-6251 x164
13,Dr. Leilani Mertz,777.380.7540
14,Dortha Wiegand,989.272.6045
15,Miss Lori Okuneva,(317) 197-0404 x7013
16,Mr. Onie Spinka,699-582-5703 x5420
17,Rebekah Hodkiewicz,(311) 542-6559 x86081
18,Victor Kovacek,(368) 630-0443 x43210
19,Berenice Abernathy,219-144-2635
20,Andre Jerde,(958) 349-8093 x50712
21,Jovani Nienow,941-758-7258 x0683
22,Gay Mayert,258.896.1072
23,Kevin Stark,315.906.2450 x6575
24,Dario Rau MD,(638) 455-9446 x08412
25,Aric O'Kon,978.529.4671 x523
26,Golden Marquardt MD,1-866-930-8624 x352
27,Archibald Nitzsche,(202) 356-9605 x2341
28,Earlene Bogan,1-295-646-5152
29,Florence Fisher IV,(229) 074-9445
30,Tre Hegmann,488.926.3178 x37683
31,Ms. Enrique Kiehn,416-848-6488 x8656
32,Melba Torphy,246.356.5591 x70530
33,Cecilia Klocko,536-163-3265 x70743
34,Karli Sanford Sr.,(455) 397-6687 x973
35,Remington Borer V,(273) 637-3904
36,Tyrese Marvin,1-167-515-8578 x40983
37,Russ O'Keefe II,1-177-606-1748 x1615
38,Christian Pacocha,509.994.4549 x681
39,Logan Bauch,(122) 147-0956
40,Julius Johns,569-206-0528 x7060
41,Ms. Westley Pouros,133.000.1809 x9028
42,Marcelina Howe,656-421-8363 x85791
43,Dr. Ashlee Roberts,256.402.8661 x519
44,Mr. Braeden Reichel,589.775.3350
45,Lavina Friesen,1-213-163-6582
46,Mr. Barbara Bosco,953-543-7474 x1938
47,Gavin Ryan IV,(944) 956-4879 x790
48,Abbey Sporer,(712) 565-9368 x3557
49,Javier Gulgowski,413.458.3031 x542
50,Leonie Smith,1-629-453-3416
51,Beverly Yundt,(480) 234-4903 x6388
52,Kitty Heaney MD,642-187-8354 x72287
53,Dedric Goyette,(551) 932-9300
54,Gracie Emmerich,591-707-1595 x0908
55,Mrs. Reyes VonRueden,690.953.4563 x550
56,Rebecca Moen DVM,(117) 028-4562 x913
57,Dallas Cummings,(215) 874-1092 x902
58,Dr. Destiny Orn,1-548-683-6914 x436
59,Granville Price Sr.,477.906.8699 x83635
60,Hillard Quigley,(683) 403-2725
61,Lisa Considine,(930) 944-9498 x852
62,Donato Hirthe II,948-973-3656
63,Quinn Baumbach,973.104.8233 x51135
64,Retta Brown,367-989-7333 x822
65,Webster Koepp,924.531.8045
66,Claudine Greenholt,790-531-6973
67,Evie White,292.081.5043 x4294
68,Jarvis Gislason,353-589-2965 x842
69,Ansel Robel,465.070.8915
70,Iva Hickle,449-257-7418 x65480
71,Mrs. Linnie Armstrong,638.554.8248
72,Mrs. Agustina Johns,(213) 938-6889
73,Bertram Schuppe,(265) 815-1732
74,Felicity Cole,889-451-6215
75,Krystina Huel DVM,1-658-210-5542 x085
76,Devin Koss,1-538-085-3994 x66810
77,Stanford Yundt,1-714-302-1427 x3760
78,Hassan White III,1-919-281-6741
79,Dr. Gladys Wilkinson,1-245-565-4763 x153
80,Celestine Smith,1-256-942-4605
81,Paolo Lynch,785-170-4077
82,Charley Rogahn,1-666-034-0080 x3067
83,Dr. Cullen Hegmann,1-936-768-4709
84,Annabel Ledner,876-812-8666
85,Merlin Renner,678-848-0216 x846
86,Adrien Raynor,585.810.4813 x18518
87,Ms. Emmalee Orn,736.325.5949 x6548
88,Conrad Koelpin,286-931-4457 x687
89,Jace Osinski,1-726-433-7325 x7274
90,Zackary Willms I,471-731-8253 x6048
91,Alize Walter III,828.495.1074 x094
92,Albina Barrows MD,540-301-5133
93,Kaylie Okuneva IV,(170) 751-2406
94,Athena Cronin,978.908.7915 x6913
95,Elinor Ruecker,438-611-5976 x2124
96,Arnold Kautzer,(570) 494-6697
97,Winnifred Hoppe,(935) 904-1991 x444
98,Emelie Feeney,(579) 933-1380
99,Theresia Hessel,1-440-395-0568 x9245
100,Hipolito Rogahn,944.179.4883
101,Mrs. Keanu Gerlach,(314) 234-3272 x1012
102,Laron Fay,(406) 493-3684 x25626
103,Marge Cummings,1-862-280-8661
104,Anibal Douglas,627-506-6152
105,Earline Crist,(354) 972-3036 x965
106,Eda Huel,740.330.7670
107,Winfield Pouros,273-122-8168
108,Abigayle Rau Jr.,1-761-352-4516 x63527
109,Thomas Waters V,691.579.4592 x14714
110,Howard Predovic Jr.,1-929-242-0808
111,Diamond Harris DDS,242-079-8166 x699
112,Raphael McCullough II,(986) 895-9022 x981
113,Miss Spencer Roob,791-036-8385
114,Khalil Orn,(332) 812-6858 x06506
115,Ms. Andreanne Littel,550-756-7630
116,Laurianne Larkin,567.228.1637 x86366
117,Rossie Luettgen MD,211.322.0450
118,Nathen Jacobson,212-159-8597 x3145
119,Miss Armand Treutel,138-649-0336
120,Kassandra Howell,287.160.1892 x919
121,Erik Turner III,216-912-1936 x37221
122,Courtney Boehm,1-192-160-2459
123,Mr. Stanley Kulas,(676) 335-5666
124,Willie Cummerata Sr.,700-353-4086 x3607
125,Kenyon Schneider Jr.,(508) 848-0063
126,Patsy Boehm,959.070.1254 x901
127,Alessia Hartmann,920.959.3500
128,Aisha Tremblay,(144) 832-8234 x900
129,Aubree Treutel,611.597.4223
130,Dr. Alyce Beer,(625) 637-3457 x128
131,Tanya Murphy,(111) 469-0284
132,Althea Kuhic,719.950.9921
133,Dr. Kathlyn Robel,1-857-447-4700 x0939
134,Astrid Schmeler IV,399.941.0742
135,Kayla O'Keefe,153.456.5323
136,Jett Schmitt DDS,1-903-807-6445
137,Miss Xzavier Hills,(474) 751-9123 x613
138,Miss Frida Abshire,(379) 941-0373
139,Adah Miller,(139) 629-6031
140,Mrs. Mayra Halvorson,683.894.4647 x7521
141,Mrs. Elsa Jacobi,(704) 833-6668 x9214
142,Armand Kuhlman,1-135-650-4385 x75275
143,Carolyne Strosin,700-497-7947 x0176
144,Mollie Farrell,456-557-9294
145,Miss Paxton Bednar,928-521-7116 x019
146,Kirk Hand,(175) 727-5781
147,Trevion Hammes Sr.,1-730-945-0044 x94825
148,Ms. Noble Kub,139-955-7721
149,Kendrick Marks,925.035.9247 x52567
150,Angelita Donnelly III,457.104.0961
151,Earnest Pacocha,1-110-231-7582 x4319
152,Kenyatta Wiza,(527) 640-8511
153,Daisha Zboncak DDS,1-227-712-3316 x290
154,Crawford Pfeffer,372.588.3654 x152
155,Rubye Carter MD,999-359-3649 x2266
156,Ms. Kayleigh Nitzsche,(731) 804-8969 x79457
157,Yvonne Okuneva IV,(215) 056-6568 x5330
158,Mr. Johnpaul Muller,794.250.1223 x13918
159,Celestine Blanda PhD,1-343-220-7104 x266
160,Garret Hane,248.949.2664
161,Marques Wyman,935.138.2407 x25556
162,Tomasa Bruen IV,132.932.3611 x4702
163,Bailee Yundt,(427) 199-6497
164,Dominique Gleason PhD,460.497.2371
165,Mertie Rowe,447-076-7468
166,Brennon Mohr II,(600) 049-2836 x12982
167,Mary Fisher Jr.,1-544-400-7690 x822
168,Hayden Wisozk,(332) 422-8680 x79530
169,Jaclyn Upton,458-797-3216
170,Dock Schmeler,549.749.9578 x21020
171,Brandy Parisian,261.469.8464 x39317
172,Makenna Lehner,(808) 321-3229 x5707
173,Mr. Gia Jakubowski,1-257-501-5007
174,Lempi Steuber,1-552-467-6184 x600
175,Carter Medhurst,1-932-512-0204
176,Hellen Frami,875-612-4447
177,Shanie Witting III,(309) 845-2263 x83317
178,Lyric Stiedemann,(749) 453-1622 x03482
179,Vern Pollich,1-411-679-9794
180,Manuela Homenick,982.094.8497
181,Talia Kerluke,947.490.0539
182,Omari Nader PhD,330.940.0404 x71841
183,Pinkie Friesen,173.979.8010 x88161
184,Xavier Emard PhD,(259) 254-5545 x4965
185,Abdullah Williamson,367-713-4754
186,Rosemarie Jakubowski,648.354.0997 x9988
187,Crawford Stoltenberg,804.132.9174 x16882
188,Mae Thiel,464.592.2939 x92569
189,Mireille Torphy,1-129-905-5327
190,Elissa Kozey,112-945-3718 x78002
191,Mrs. Jackie Bernier,1-280-004-6422 x7398
192,Miss Kraig Rolfson,(467) 611-2679
193,Thomas Hodkiewicz,221-222-6260 x7867
194,Mya Carroll MD,887-701-0841 x4737
195,Destinee Cormier,554-000-1348 x99557
196,Nyasia McCullough DVM,1-155-862-9800 x3231
197,Ryleigh Jast,901-199-0271 x8648
198,Reese Gleason,(431) 508-5681 x223
199,Mrs. Raymond Legros,(509) 229-8408
200,Cecil Halvorson III,455-068-4957 x31138
201,Meredith O'Reilly,(220) 815-0823
202,Janiya Zieme,1-501-880-8012 x52577
203,Antoinette Runte,422.554.6019 x7509
204,Bonnie Beatty,622-776-9773 x922
205,Miss Clay Larson,(218) 099-2447
206,Buster Smitham,1-486-953-1839
207,Lenny Dibbert,1-337-699-8456 x6266
208,Dina Feeney,1-527-668-1700 x60806
209,Ms. Rachael Wuckert,1-790-786-0768 x822
210,Rhea Zieme,940-838-2968 x4910
211,Ms. Zoila Hoppe,(327) 590-6095
212,Fletcher Goldner,437-554-0195 x8747
213,Tabitha Brekke,(559) 664-1251
214,Stephan Armstrong,1-850-213-2131 x404
215,Zackary Hoeger,1-650-496-4636 x801
216,Assunta Waters Jr.,(319) 982-0908
217,Kira Hagenes,(793) 415-8184 x98200
218,Jasen Carroll,225.282.3531 x5156
219,Eladio Gleichner,276-651-5935 x124
220,Enid Thiel,107-928-8642 x26437
221,Jerod Abernathy,1-797-846-1991
222,Mrs. Dominic Hayes,1-497-741-6425 x1655
223,Cale Konopelski,801.760.8569
224,Asia Yundt,256.224.2795
225,Daren Batz DVM,1-628-098-6863
226,Krystal Wilderman,1-748-755-3350
227,Abdul Reilly,(592) 156-1310 x2203
228,Ulices Batz,1-793-027-9928
229,Randall Streich,411.960.5218
230,Pierce Hoeger,494.136.6194
231,Marley Cassin,791-451-8440
232,Creola Bernier PhD,(138) 423-1993 x0341
233,Ernestine Pfannerstill,(664) 208-7421 x310
234,Delfina Bogisich,801-784-9149
235,Mrs. Dustin Kub,148.363.7787 x995
236,Jamil Kovacek,1-321-312-2459 x3205
237,Miss Cathy Herman,(186) 628-7305 x078
238,Heber Romaguera,1-580-581-8405 x079
239,Tyreek Skiles,260-267-8750
240,Eliseo Labadie,709-104-6748 x4468
241,Dr. Keon Ruecker,976.616.1240 x8187
242,Kailee Hickle Sr.,971-698-0478 x3506
243,Asa Satterfield,121.792.5214 x46603
244,Orrin Greenfelder,146.285.1152
245,Eleonore Berge,937-238-2536
246,Edyth Miller,(140) 409-9130 x496
247,Ms. Chadd Leannon,221-039-2173 x454
248,Kamryn Sporer,1-670-453-8435
249,Halle Durgan,183-077-0300 x9865
250,Kylie Cartwright,734.297.0789 x3288
251,Jillian Klocko,699-005-5878
252,Cameron Casper IV,377-047-7349
253,Mrs. Keara Kozey,1-710-354-9533 x65384
254,Meaghan Williamson,848.077.5455
255,Mr. Dustin Stroman,769.167.6194 x749
256,Kiara Kuhn,458.159.0504 x540
257,Annette Volkman Jr.,1-310-932-4684
258,Kim Bayer,(495) 861-7483 x05907
259,Kristopher Collins Jr.,893-517-8880 x5568
260,Arch Koepp,241.009.9299 x0597
261,Davion Pacocha DDS,1-971-034-3299 x71384
262,Erick Lind,(905) 731-2328
263,Autumn Borer IV,(496) 807-7783
264,Mrs. Odell Raynor,1-729-057-3767 x80278
265,Dessie Crist,872.740.9928
266,Kadin Olson,400.669.3623 x71791
267,Brandyn Hand,1-120-738-6015 x9899
268,Jocelyn Roberts,(134) 882-5516 x0662
269,April Zemlak,363-485-0115
270,Ms. Tyrel Torp,299.389.6335
271,Rollin Halvorson,1-800-820-5456 x42342
272,Dr. Jack Lebsack,554.333.4552
273,Shakira Satterfield IV,1-392-813-5637
274,Marcellus Kris,918.143.9835
275,Shayna Johns,918-224-0806 x508
276,Edwin Douglas,1-391-957-6932 x99099
277,Belle Bechtelar,963.085.7338 x23232
278,Kendall Wintheiser,250-123-1768 x501
279,Prince Gleason,1-788-221-4269
280,Mrs. Dorothy Gottlieb,113-328-3377
281,Hilton DuBuque,852-915-4336 x96432
282,Josephine Schoen MD,1-443-726-9947 x443
283,Clementina Rippin I,582.914.0385 x721
284,Mrs. Yesenia Hane,489-348-0781 x4487
285,Maddison Reilly,330.376.9142 x12921
286,Earnest Tromp,400.748.7179 x869
287,Creola Kautzer,(506) 363-4376
288,Ellsworth Gerlach,1-165-188-9350 x79027
289,Christ Marks,(686) 795-4097
290,Quinn Tillman,1-792-899-2953 x22718
291,Bria Bosco,1-395-934-4923
292,Reba Kozey III,660-848-9493 x0680
293,Mr. Adrianna Auer,655.823.7582 x23010
294,Mr. Ola Sporer,1-916-091-1165
295,Craig Corwin Sr.,(401) 722-0045
296,Juana Murray,886.998.6304
297,Jamal Pfannerstill,1-446-501-3373 x5818
298,Maybelle Wilkinson,569.532.1204
299,Sanford Leannon,190.916.9114 x1396
300,Miss Isom Gleason,791-114-8423 x70188
